<?xml version="1.0" encoding="UTF-8"?>
<project-private xmlns="http://www.netbeans.org/ns/project-private/1">
    <editor-bookmarks xmlns="http://www.netbeans.org/ns/editor-bookmarks/2" lastBookmarkId="0"/>
    <open-files xmlns="http://www.netbeans.org/ns/projectui-open-files/2">
        <group>
            <file>file:/C:/Users/Shady%20Emad/Documents/NetBeansProjects/interface_calculator/src/interface_calculator/Interface_calculator.java</file>
            <file>file:/C:/Users/Shady%20Emad/Documents/NetBeansProjects/interface_calculator/src/interface_calculator/calc1.java</file>
        </group>
    </open-files>
</project-private>
